# code;name;componentType;supercategories;approvalstatus;catalogversion
Evaporadora_1522;Evaporadora;Evap Portatil;ESPECIFICACOES_TECNICAS:centralArClassificationCatalog:1.0;approved;centralArProductCatalog:Staged
Evaporadora_1522;Evaporadora;Evap Portatil;ESPECIFICACOES_TECNICAS:centralArClassificationCatalog:1.0;approved;centralArProductCatalog:Online
Evaporadora_1812;Evaporadora;Evap Janela sem Moldura;ESPECIFICACOES_TECNICAS:centralArClassificationCatalog:1.0;approved;centralArProductCatalog:Staged
Evaporadora_1812;Evaporadora;Evap Janela sem Moldura;ESPECIFICACOES_TECNICAS:centralArClassificationCatalog:1.0;approved;centralArProductCatalog:Online
Evaporadora_1966;Evaporadora;Evap Janela com Moldura;ESPECIFICACOES_TECNICAS:centralArClassificationCatalog:1.0;approved;centralArProductCatalog:Staged
Evaporadora_1966;Evaporadora;Evap Janela com Moldura;ESPECIFICACOES_TECNICAS:centralArClassificationCatalog:1.0;approved;centralArProductCatalog:Online
Evaporadora_1968;Evaporadora;Evap Janela com Moldura;ESPECIFICACOES_TECNICAS:centralArClassificationCatalog:1.0;approved;centralArProductCatalog:Staged
Evaporadora_1968;Evaporadora;Evap Janela com Moldura;ESPECIFICACOES_TECNICAS:centralArClassificationCatalog:1.0;approved;centralArProductCatalog:Online
Evaporadora_2316;Evaporadora;Evap Janela com Moldura;ESPECIFICACOES_TECNICAS:centralArClassificationCatalog:1.0;approved;centralArProductCatalog:Staged
Evaporadora_2316;Evaporadora;Evap Janela com Moldura;ESPECIFICACOES_TECNICAS:centralArClassificationCatalog:1.0;approved;centralArProductCatalog:Online
Evaporadora_2318;Evaporadora;Evap Janela com Moldura;ESPECIFICACOES_TECNICAS:centralArClassificationCatalog:1.0;approved;centralArProductCatalog:Staged
Evaporadora_2318;Evaporadora;Evap Janela com Moldura;ESPECIFICACOES_TECNICAS:centralArClassificationCatalog:1.0;approved;centralArProductCatalog:Online
Evaporadora_2320;Evaporadora;Evap Janela com Moldura;ESPECIFICACOES_TECNICAS:centralArClassificationCatalog:1.0;approved;centralArProductCatalog:Staged
Evaporadora_2320;Evaporadora;Evap Janela com Moldura;ESPECIFICACOES_TECNICAS:centralArClassificationCatalog:1.0;approved;centralArProductCatalog:Online
Evaporadora_2328;Evaporadora;Evap Janela com Moldura;ESPECIFICACOES_TECNICAS:centralArClassificationCatalog:1.0;approved;centralArProductCatalog:Staged
Evaporadora_2328;Evaporadora;Evap Janela com Moldura;ESPECIFICACOES_TECNICAS:centralArClassificationCatalog:1.0;approved;centralArProductCatalog:Online
Evaporadora_2329;Evaporadora;Evap Janela com Moldura;ESPECIFICACOES_TECNICAS:centralArClassificationCatalog:1.0;approved;centralArProductCatalog:Staged
Evaporadora_2329;Evaporadora;Evap Janela com Moldura;ESPECIFICACOES_TECNICAS:centralArClassificationCatalog:1.0;approved;centralArProductCatalog:Online
Evaporadora_2442;Evaporadora;Evap Portatil;ESPECIFICACOES_TECNICAS:centralArClassificationCatalog:1.0;approved;centralArProductCatalog:Staged
Evaporadora_2442;Evaporadora;Evap Portatil;ESPECIFICACOES_TECNICAS:centralArClassificationCatalog:1.0;approved;centralArProductCatalog:Online
Evaporadora_248;Evaporadora;Evap Janela com Moldura;ESPECIFICACOES_TECNICAS:centralArClassificationCatalog:1.0;approved;centralArProductCatalog:Staged
Evaporadora_248;Evaporadora;Evap Janela com Moldura;ESPECIFICACOES_TECNICAS:centralArClassificationCatalog:1.0;approved;centralArProductCatalog:Online
Evaporadora_1141;Evaporadora;Evap Split;ESPECIFICACOES_TECNICAS:centralArClassificationCatalog:1.0;approved;centralArProductCatalog:Staged
Evaporadora_1141;Evaporadora;Evap Split;ESPECIFICACOES_TECNICAS:centralArClassificationCatalog:1.0;approved;centralArProductCatalog:Online
Evaporadora_1244;Evaporadora;Evap Split;ESPECIFICACOES_TECNICAS:centralArClassificationCatalog:1.0;approved;centralArProductCatalog:Staged
Evaporadora_1244;Evaporadora;Evap Split;ESPECIFICACOES_TECNICAS:centralArClassificationCatalog:1.0;approved;centralArProductCatalog:Online
Evaporadora_1719;Evaporadora;Evap Cortina;ESPECIFICACOES_TECNICAS:centralArClassificationCatalog:1.0;approved;centralArProductCatalog:Staged
Evaporadora_1719;Evaporadora;Evap Cortina;ESPECIFICACOES_TECNICAS:centralArClassificationCatalog:1.0;approved;centralArProductCatalog:Online
Evaporadora_1720;Evaporadora;Evap Cortina;ESPECIFICACOES_TECNICAS:centralArClassificationCatalog:1.0;approved;centralArProductCatalog:Staged
Evaporadora_1720;Evaporadora;Evap Cortina;ESPECIFICACOES_TECNICAS:centralArClassificationCatalog:1.0;approved;centralArProductCatalog:Online
Evaporadora_1721;Evaporadora;Evap Cortina;ESPECIFICACOES_TECNICAS:centralArClassificationCatalog:1.0;approved;centralArProductCatalog:Staged
Evaporadora_1721;Evaporadora;Evap Cortina;ESPECIFICACOES_TECNICAS:centralArClassificationCatalog:1.0;approved;centralArProductCatalog:Online
Evaporadora_1801;Evaporadora;Evap Split;ESPECIFICACOES_TECNICAS:centralArClassificationCatalog:1.0;approved;centralArProductCatalog:Staged
Evaporadora_1801;Evaporadora;Evap Split;ESPECIFICACOES_TECNICAS:centralArClassificationCatalog:1.0;approved;centralArProductCatalog:Online
Evaporadora_1802;Evaporadora;Evap Split;ESPECIFICACOES_TECNICAS:centralArClassificationCatalog:1.0;approved;centralArProductCatalog:Staged
Evaporadora_1802;Evaporadora;Evap Split;ESPECIFICACOES_TECNICAS:centralArClassificationCatalog:1.0;approved;centralArProductCatalog:Online
Evaporadora_1804;Evaporadora;Evap Split;ESPECIFICACOES_TECNICAS:centralArClassificationCatalog:1.0;approved;centralArProductCatalog:Staged
Evaporadora_1804;Evaporadora;Evap Split;ESPECIFICACOES_TECNICAS:centralArClassificationCatalog:1.0;approved;centralArProductCatalog:Online
Evaporadora_1806;Evaporadora;Evap Split;ESPECIFICACOES_TECNICAS:centralArClassificationCatalog:1.0;approved;centralArProductCatalog:Staged
Evaporadora_1806;Evaporadora;Evap Split;ESPECIFICACOES_TECNICAS:centralArClassificationCatalog:1.0;approved;centralArProductCatalog:Online
Evaporadora_1807;Evaporadora;Evap Split;ESPECIFICACOES_TECNICAS:centralArClassificationCatalog:1.0;approved;centralArProductCatalog:Staged
Evaporadora_1807;Evaporadora;Evap Split;ESPECIFICACOES_TECNICAS:centralArClassificationCatalog:1.0;approved;centralArProductCatalog:Online
Evaporadora_1808;Evaporadora;Evap Split;ESPECIFICACOES_TECNICAS:centralArClassificationCatalog:1.0;approved;centralArProductCatalog:Staged
Evaporadora_1808;Evaporadora;Evap Split;ESPECIFICACOES_TECNICAS:centralArClassificationCatalog:1.0;approved;centralArProductCatalog:Online
Evaporadora_1809;Evaporadora;Evap Split;ESPECIFICACOES_TECNICAS:centralArClassificationCatalog:1.0;approved;centralArProductCatalog:Staged
Evaporadora_1809;Evaporadora;Evap Split;ESPECIFICACOES_TECNICAS:centralArClassificationCatalog:1.0;approved;centralArProductCatalog:Online
Evaporadora_1810;Evaporadora;Evap Split;ESPECIFICACOES_TECNICAS:centralArClassificationCatalog:1.0;approved;centralArProductCatalog:Staged
Evaporadora_1810;Evaporadora;Evap Split;ESPECIFICACOES_TECNICAS:centralArClassificationCatalog:1.0;approved;centralArProductCatalog:Online
Evaporadora_1811;Evaporadora;Evap Janela sem Moldura;ESPECIFICACOES_TECNICAS:centralArClassificationCatalog:1.0;approved;centralArProductCatalog:Staged
Evaporadora_1811;Evaporadora;Evap Janela sem Moldura;ESPECIFICACOES_TECNICAS:centralArClassificationCatalog:1.0;approved;centralArProductCatalog:Online
Evaporadora_1813;Evaporadora;Evap Janela sem Moldura;ESPECIFICACOES_TECNICAS:centralArClassificationCatalog:1.0;approved;centralArProductCatalog:Staged
Evaporadora_1813;Evaporadora;Evap Janela sem Moldura;ESPECIFICACOES_TECNICAS:centralArClassificationCatalog:1.0;approved;centralArProductCatalog:Online
Evaporadora_1816;Evaporadora;Evap Janela com Moldura;ESPECIFICACOES_TECNICAS:centralArClassificationCatalog:1.0;approved;centralArProductCatalog:Staged
Evaporadora_1816;Evaporadora;Evap Janela com Moldura;ESPECIFICACOES_TECNICAS:centralArClassificationCatalog:1.0;approved;centralArProductCatalog:Online
Evaporadora_1819;Evaporadora;Evap Split;ESPECIFICACOES_TECNICAS:centralArClassificationCatalog:1.0;approved;centralArProductCatalog:Staged
Evaporadora_1819;Evaporadora;Evap Split;ESPECIFICACOES_TECNICAS:centralArClassificationCatalog:1.0;approved;centralArProductCatalog:Online
Evaporadora_1820;Evaporadora;Evap Split;ESPECIFICACOES_TECNICAS:centralArClassificationCatalog:1.0;approved;centralArProductCatalog:Staged
Evaporadora_1820;Evaporadora;Evap Split;ESPECIFICACOES_TECNICAS:centralArClassificationCatalog:1.0;approved;centralArProductCatalog:Online
Evaporadora_1841;Evaporadora;Evap Piso Teto;ESPECIFICACOES_TECNICAS:centralArClassificationCatalog:1.0;approved;centralArProductCatalog:Staged
Evaporadora_1841;Evaporadora;Evap Piso Teto;ESPECIFICACOES_TECNICAS:centralArClassificationCatalog:1.0;approved;centralArProductCatalog:Online
Evaporadora_1842;Evaporadora;Evap Piso Teto;ESPECIFICACOES_TECNICAS:centralArClassificationCatalog:1.0;approved;centralArProductCatalog:Staged
Evaporadora_1842;Evaporadora;Evap Piso Teto;ESPECIFICACOES_TECNICAS:centralArClassificationCatalog:1.0;approved;centralArProductCatalog:Online
Evaporadora_1843;Evaporadora;Evap Piso Teto;ESPECIFICACOES_TECNICAS:centralArClassificationCatalog:1.0;approved;centralArProductCatalog:Staged
Evaporadora_1843;Evaporadora;Evap Piso Teto;ESPECIFICACOES_TECNICAS:centralArClassificationCatalog:1.0;approved;centralArProductCatalog:Online
Evaporadora_1847;Evaporadora;Evap Cassete Detalhado painel;ESPECIFICACOES_TECNICAS:centralArClassificationCatalog:1.0;approved;centralArProductCatalog:Staged
Evaporadora_1847;Evaporadora;Evap Cassete Detalhado painel;ESPECIFICACOES_TECNICAS:centralArClassificationCatalog:1.0;approved;centralArProductCatalog:Online
Evaporadora_1849;Evaporadora;Evap Cassete Detalhado painel;ESPECIFICACOES_TECNICAS:centralArClassificationCatalog:1.0;approved;centralArProductCatalog:Staged
Evaporadora_1849;Evaporadora;Evap Cassete Detalhado painel;ESPECIFICACOES_TECNICAS:centralArClassificationCatalog:1.0;approved;centralArProductCatalog:Online
Evaporadora_1867;Evaporadora;Evap Split;ESPECIFICACOES_TECNICAS:centralArClassificationCatalog:1.0;approved;centralArProductCatalog:Staged
Evaporadora_1867;Evaporadora;Evap Split;ESPECIFICACOES_TECNICAS:centralArClassificationCatalog:1.0;approved;centralArProductCatalog:Online
Evaporadora_1868;Evaporadora;Evap Split;ESPECIFICACOES_TECNICAS:centralArClassificationCatalog:1.0;approved;centralArProductCatalog:Staged
Evaporadora_1868;Evaporadora;Evap Split;ESPECIFICACOES_TECNICAS:centralArClassificationCatalog:1.0;approved;centralArProductCatalog:Online
Evaporadora_1886;Evaporadora;Evap Split;ESPECIFICACOES_TECNICAS:centralArClassificationCatalog:1.0;approved;centralArProductCatalog:Staged
Evaporadora_1886;Evaporadora;Evap Split;ESPECIFICACOES_TECNICAS:centralArClassificationCatalog:1.0;approved;centralArProductCatalog:Online
Evaporadora_1890;Evaporadora;Evap Split;ESPECIFICACOES_TECNICAS:centralArClassificationCatalog:1.0;approved;centralArProductCatalog:Staged
Evaporadora_1890;Evaporadora;Evap Split;ESPECIFICACOES_TECNICAS:centralArClassificationCatalog:1.0;approved;centralArProductCatalog:Online
Evaporadora_1900;Evaporadora;Evap Piso Teto;ESPECIFICACOES_TECNICAS:centralArClassificationCatalog:1.0;approved;centralArProductCatalog:Staged
Evaporadora_1900;Evaporadora;Evap Piso Teto;ESPECIFICACOES_TECNICAS:centralArClassificationCatalog:1.0;approved;centralArProductCatalog:Online
Evaporadora_1916;Evaporadora;Evap Piso Teto;ESPECIFICACOES_TECNICAS:centralArClassificationCatalog:1.0;approved;centralArProductCatalog:Staged
Evaporadora_1916;Evaporadora;Evap Piso Teto;ESPECIFICACOES_TECNICAS:centralArClassificationCatalog:1.0;approved;centralArProductCatalog:Online
Evaporadora_1934;Evaporadora;Evap Split;ESPECIFICACOES_TECNICAS:centralArClassificationCatalog:1.0;approved;centralArProductCatalog:Staged
Evaporadora_1934;Evaporadora;Evap Split;ESPECIFICACOES_TECNICAS:centralArClassificationCatalog:1.0;approved;centralArProductCatalog:Online
Evaporadora_1969;Evaporadora;Evap Split;ESPECIFICACOES_TECNICAS:centralArClassificationCatalog:1.0;approved;centralArProductCatalog:Staged
Evaporadora_1969;Evaporadora;Evap Split;ESPECIFICACOES_TECNICAS:centralArClassificationCatalog:1.0;approved;centralArProductCatalog:Online
Evaporadora_1972;Evaporadora;Evap Cassete Detalhado painel;ESPECIFICACOES_TECNICAS:centralArClassificationCatalog:1.0;approved;centralArProductCatalog:Staged
Evaporadora_1972;Evaporadora;Evap Cassete Detalhado painel;ESPECIFICACOES_TECNICAS:centralArClassificationCatalog:1.0;approved;centralArProductCatalog:Online
Evaporadora_2000;Evaporadora;Evap Split;ESPECIFICACOES_TECNICAS:centralArClassificationCatalog:1.0;approved;centralArProductCatalog:Staged
Evaporadora_2000;Evaporadora;Evap Split;ESPECIFICACOES_TECNICAS:centralArClassificationCatalog:1.0;approved;centralArProductCatalog:Online
Evaporadora_2001;Evaporadora;Evap Split;ESPECIFICACOES_TECNICAS:centralArClassificationCatalog:1.0;approved;centralArProductCatalog:Staged
Evaporadora_2001;Evaporadora;Evap Split;ESPECIFICACOES_TECNICAS:centralArClassificationCatalog:1.0;approved;centralArProductCatalog:Online
Evaporadora_2020;Evaporadora;Evap Split;ESPECIFICACOES_TECNICAS:centralArClassificationCatalog:1.0;approved;centralArProductCatalog:Staged
Evaporadora_2020;Evaporadora;Evap Split;ESPECIFICACOES_TECNICAS:centralArClassificationCatalog:1.0;approved;centralArProductCatalog:Online
Evaporadora_2021;Evaporadora;Evap Split;ESPECIFICACOES_TECNICAS:centralArClassificationCatalog:1.0;approved;centralArProductCatalog:Staged
Evaporadora_2021;Evaporadora;Evap Split;ESPECIFICACOES_TECNICAS:centralArClassificationCatalog:1.0;approved;centralArProductCatalog:Online
Evaporadora_2022;Evaporadora;Evap Split;ESPECIFICACOES_TECNICAS:centralArClassificationCatalog:1.0;approved;centralArProductCatalog:Staged
Evaporadora_2022;Evaporadora;Evap Split;ESPECIFICACOES_TECNICAS:centralArClassificationCatalog:1.0;approved;centralArProductCatalog:Online
Evaporadora_2028;Evaporadora;Evap Split;ESPECIFICACOES_TECNICAS:centralArClassificationCatalog:1.0;approved;centralArProductCatalog:Staged
Evaporadora_2028;Evaporadora;Evap Split;ESPECIFICACOES_TECNICAS:centralArClassificationCatalog:1.0;approved;centralArProductCatalog:Online
Evaporadora_2043;Evaporadora;Evap Split;ESPECIFICACOES_TECNICAS:centralArClassificationCatalog:1.0;approved;centralArProductCatalog:Staged
Evaporadora_2043;Evaporadora;Evap Split;ESPECIFICACOES_TECNICAS:centralArClassificationCatalog:1.0;approved;centralArProductCatalog:Online
Evaporadora_2045;Evaporadora;Evap Split;ESPECIFICACOES_TECNICAS:centralArClassificationCatalog:1.0;approved;centralArProductCatalog:Staged
Evaporadora_2045;Evaporadora;Evap Split;ESPECIFICACOES_TECNICAS:centralArClassificationCatalog:1.0;approved;centralArProductCatalog:Online
Evaporadora_2063;Evaporadora;Evap Split;ESPECIFICACOES_TECNICAS:centralArClassificationCatalog:1.0;approved;centralArProductCatalog:Staged
Evaporadora_2063;Evaporadora;Evap Split;ESPECIFICACOES_TECNICAS:centralArClassificationCatalog:1.0;approved;centralArProductCatalog:Online
Evaporadora_2064;Evaporadora;Evap Split;ESPECIFICACOES_TECNICAS:centralArClassificationCatalog:1.0;approved;centralArProductCatalog:Staged
Evaporadora_2064;Evaporadora;Evap Split;ESPECIFICACOES_TECNICAS:centralArClassificationCatalog:1.0;approved;centralArProductCatalog:Online
Evaporadora_2096;Evaporadora;Evap Split;ESPECIFICACOES_TECNICAS:centralArClassificationCatalog:1.0;approved;centralArProductCatalog:Staged
Evaporadora_2096;Evaporadora;Evap Split;ESPECIFICACOES_TECNICAS:centralArClassificationCatalog:1.0;approved;centralArProductCatalog:Online
Evaporadora_2097;Evaporadora;Evap Split;ESPECIFICACOES_TECNICAS:centralArClassificationCatalog:1.0;approved;centralArProductCatalog:Staged
Evaporadora_2097;Evaporadora;Evap Split;ESPECIFICACOES_TECNICAS:centralArClassificationCatalog:1.0;approved;centralArProductCatalog:Online
Evaporadora_2110;Evaporadora;Evap Split;ESPECIFICACOES_TECNICAS:centralArClassificationCatalog:1.0;approved;centralArProductCatalog:Staged
Evaporadora_2110;Evaporadora;Evap Split;ESPECIFICACOES_TECNICAS:centralArClassificationCatalog:1.0;approved;centralArProductCatalog:Online
Evaporadora_2111;Evaporadora;Evap Split;ESPECIFICACOES_TECNICAS:centralArClassificationCatalog:1.0;approved;centralArProductCatalog:Staged
Evaporadora_2111;Evaporadora;Evap Split;ESPECIFICACOES_TECNICAS:centralArClassificationCatalog:1.0;approved;centralArProductCatalog:Online
Evaporadora_2127;Evaporadora;Evap Split;ESPECIFICACOES_TECNICAS:centralArClassificationCatalog:1.0;approved;centralArProductCatalog:Staged
Evaporadora_2127;Evaporadora;Evap Split;ESPECIFICACOES_TECNICAS:centralArClassificationCatalog:1.0;approved;centralArProductCatalog:Online
Evaporadora_2128;Evaporadora;Evap Split;ESPECIFICACOES_TECNICAS:centralArClassificationCatalog:1.0;approved;centralArProductCatalog:Staged
Evaporadora_2128;Evaporadora;Evap Split;ESPECIFICACOES_TECNICAS:centralArClassificationCatalog:1.0;approved;centralArProductCatalog:Online
Evaporadora_2129;Evaporadora;Evap Split;ESPECIFICACOES_TECNICAS:centralArClassificationCatalog:1.0;approved;centralArProductCatalog:Staged
Evaporadora_2129;Evaporadora;Evap Split;ESPECIFICACOES_TECNICAS:centralArClassificationCatalog:1.0;approved;centralArProductCatalog:Online
Evaporadora_2144;Evaporadora;Evap Split;ESPECIFICACOES_TECNICAS:centralArClassificationCatalog:1.0;approved;centralArProductCatalog:Staged
Evaporadora_2144;Evaporadora;Evap Split;ESPECIFICACOES_TECNICAS:centralArClassificationCatalog:1.0;approved;centralArProductCatalog:Online
Evaporadora_2145;Evaporadora;Evap Split;ESPECIFICACOES_TECNICAS:centralArClassificationCatalog:1.0;approved;centralArProductCatalog:Staged
Evaporadora_2145;Evaporadora;Evap Split;ESPECIFICACOES_TECNICAS:centralArClassificationCatalog:1.0;approved;centralArProductCatalog:Online
Evaporadora_2146;Evaporadora;Evap Split;ESPECIFICACOES_TECNICAS:centralArClassificationCatalog:1.0;approved;centralArProductCatalog:Staged
Evaporadora_2146;Evaporadora;Evap Split;ESPECIFICACOES_TECNICAS:centralArClassificationCatalog:1.0;approved;centralArProductCatalog:Online
Evaporadora_2152;Evaporadora;Evap Split;ESPECIFICACOES_TECNICAS:centralArClassificationCatalog:1.0;approved;centralArProductCatalog:Staged
Evaporadora_2152;Evaporadora;Evap Split;ESPECIFICACOES_TECNICAS:centralArClassificationCatalog:1.0;approved;centralArProductCatalog:Online
Evaporadora_2153;Evaporadora;Evap Split;ESPECIFICACOES_TECNICAS:centralArClassificationCatalog:1.0;approved;centralArProductCatalog:Staged
Evaporadora_2153;Evaporadora;Evap Split;ESPECIFICACOES_TECNICAS:centralArClassificationCatalog:1.0;approved;centralArProductCatalog:Online
Evaporadora_2154;Evaporadora;Evap Split;ESPECIFICACOES_TECNICAS:centralArClassificationCatalog:1.0;approved;centralArProductCatalog:Staged
Evaporadora_2154;Evaporadora;Evap Split;ESPECIFICACOES_TECNICAS:centralArClassificationCatalog:1.0;approved;centralArProductCatalog:Online
Evaporadora_2155;Evaporadora;Evap Split;ESPECIFICACOES_TECNICAS:centralArClassificationCatalog:1.0;approved;centralArProductCatalog:Staged
Evaporadora_2155;Evaporadora;Evap Split;ESPECIFICACOES_TECNICAS:centralArClassificationCatalog:1.0;approved;centralArProductCatalog:Online
Evaporadora_2156;Evaporadora;Evap Split;ESPECIFICACOES_TECNICAS:centralArClassificationCatalog:1.0;approved;centralArProductCatalog:Staged
Evaporadora_2156;Evaporadora;Evap Split;ESPECIFICACOES_TECNICAS:centralArClassificationCatalog:1.0;approved;centralArProductCatalog:Online
Evaporadora_2157;Evaporadora;Evap Split;ESPECIFICACOES_TECNICAS:centralArClassificationCatalog:1.0;approved;centralArProductCatalog:Staged
Evaporadora_2157;Evaporadora;Evap Split;ESPECIFICACOES_TECNICAS:centralArClassificationCatalog:1.0;approved;centralArProductCatalog:Online
Evaporadora_2158;Evaporadora;Evap Split;ESPECIFICACOES_TECNICAS:centralArClassificationCatalog:1.0;approved;centralArProductCatalog:Staged
Evaporadora_2158;Evaporadora;Evap Split;ESPECIFICACOES_TECNICAS:centralArClassificationCatalog:1.0;approved;centralArProductCatalog:Online
Evaporadora_2159;Evaporadora;Evap Split;ESPECIFICACOES_TECNICAS:centralArClassificationCatalog:1.0;approved;centralArProductCatalog:Staged
Evaporadora_2159;Evaporadora;Evap Split;ESPECIFICACOES_TECNICAS:centralArClassificationCatalog:1.0;approved;centralArProductCatalog:Online
Evaporadora_2161;Evaporadora;Evap Split;ESPECIFICACOES_TECNICAS:centralArClassificationCatalog:1.0;approved;centralArProductCatalog:Staged
Evaporadora_2161;Evaporadora;Evap Split;ESPECIFICACOES_TECNICAS:centralArClassificationCatalog:1.0;approved;centralArProductCatalog:Online
Evaporadora_2162;Evaporadora;Evap Split;ESPECIFICACOES_TECNICAS:centralArClassificationCatalog:1.0;approved;centralArProductCatalog:Staged
Evaporadora_2162;Evaporadora;Evap Split;ESPECIFICACOES_TECNICAS:centralArClassificationCatalog:1.0;approved;centralArProductCatalog:Online
Evaporadora_2163;Evaporadora;Evap Split;ESPECIFICACOES_TECNICAS:centralArClassificationCatalog:1.0;approved;centralArProductCatalog:Staged
Evaporadora_2163;Evaporadora;Evap Split;ESPECIFICACOES_TECNICAS:centralArClassificationCatalog:1.0;approved;centralArProductCatalog:Online
Evaporadora_2164;Evaporadora;Evap Split;ESPECIFICACOES_TECNICAS:centralArClassificationCatalog:1.0;approved;centralArProductCatalog:Staged
Evaporadora_2164;Evaporadora;Evap Split;ESPECIFICACOES_TECNICAS:centralArClassificationCatalog:1.0;approved;centralArProductCatalog:Online
Evaporadora_2165;Evaporadora;Evap Split;ESPECIFICACOES_TECNICAS:centralArClassificationCatalog:1.0;approved;centralArProductCatalog:Staged
Evaporadora_2165;Evaporadora;Evap Split;ESPECIFICACOES_TECNICAS:centralArClassificationCatalog:1.0;approved;centralArProductCatalog:Online
Evaporadora_2166;Evaporadora;Evap Split;ESPECIFICACOES_TECNICAS:centralArClassificationCatalog:1.0;approved;centralArProductCatalog:Staged
Evaporadora_2166;Evaporadora;Evap Split;ESPECIFICACOES_TECNICAS:centralArClassificationCatalog:1.0;approved;centralArProductCatalog:Online
Evaporadora_2168;Evaporadora;Evap Split;ESPECIFICACOES_TECNICAS:centralArClassificationCatalog:1.0;approved;centralArProductCatalog:Staged
Evaporadora_2168;Evaporadora;Evap Split;ESPECIFICACOES_TECNICAS:centralArClassificationCatalog:1.0;approved;centralArProductCatalog:Online
Evaporadora_2173;Evaporadora;Evap Split;ESPECIFICACOES_TECNICAS:centralArClassificationCatalog:1.0;approved;centralArProductCatalog:Staged
Evaporadora_2173;Evaporadora;Evap Split;ESPECIFICACOES_TECNICAS:centralArClassificationCatalog:1.0;approved;centralArProductCatalog:Online
Evaporadora_2174;Evaporadora;Evap Split;ESPECIFICACOES_TECNICAS:centralArClassificationCatalog:1.0;approved;centralArProductCatalog:Staged
Evaporadora_2174;Evaporadora;Evap Split;ESPECIFICACOES_TECNICAS:centralArClassificationCatalog:1.0;approved;centralArProductCatalog:Online
Evaporadora_2176;Evaporadora;Evap Split;ESPECIFICACOES_TECNICAS:centralArClassificationCatalog:1.0;approved;centralArProductCatalog:Staged
Evaporadora_2176;Evaporadora;Evap Split;ESPECIFICACOES_TECNICAS:centralArClassificationCatalog:1.0;approved;centralArProductCatalog:Online
Evaporadora_2191;Evaporadora;Evap Split;ESPECIFICACOES_TECNICAS:centralArClassificationCatalog:1.0;approved;centralArProductCatalog:Staged
Evaporadora_2191;Evaporadora;Evap Split;ESPECIFICACOES_TECNICAS:centralArClassificationCatalog:1.0;approved;centralArProductCatalog:Online
Evaporadora_2208;Evaporadora;Evap Split;ESPECIFICACOES_TECNICAS:centralArClassificationCatalog:1.0;approved;centralArProductCatalog:Staged
Evaporadora_2208;Evaporadora;Evap Split;ESPECIFICACOES_TECNICAS:centralArClassificationCatalog:1.0;approved;centralArProductCatalog:Online
Evaporadora_2210;Evaporadora;Evap Split;ESPECIFICACOES_TECNICAS:centralArClassificationCatalog:1.0;approved;centralArProductCatalog:Staged
Evaporadora_2210;Evaporadora;Evap Split;ESPECIFICACOES_TECNICAS:centralArClassificationCatalog:1.0;approved;centralArProductCatalog:Online
Evaporadora_2211;Evaporadora;Evap Split;ESPECIFICACOES_TECNICAS:centralArClassificationCatalog:1.0;approved;centralArProductCatalog:Staged
Evaporadora_2211;Evaporadora;Evap Split;ESPECIFICACOES_TECNICAS:centralArClassificationCatalog:1.0;approved;centralArProductCatalog:Online
Evaporadora_2212;Evaporadora;Evap Split;ESPECIFICACOES_TECNICAS:centralArClassificationCatalog:1.0;approved;centralArProductCatalog:Staged
Evaporadora_2212;Evaporadora;Evap Split;ESPECIFICACOES_TECNICAS:centralArClassificationCatalog:1.0;approved;centralArProductCatalog:Online
Evaporadora_2213;Evaporadora;Evap Split;ESPECIFICACOES_TECNICAS:centralArClassificationCatalog:1.0;approved;centralArProductCatalog:Staged
Evaporadora_2213;Evaporadora;Evap Split;ESPECIFICACOES_TECNICAS:centralArClassificationCatalog:1.0;approved;centralArProductCatalog:Online
Evaporadora_2215;Evaporadora;Evap Split;ESPECIFICACOES_TECNICAS:centralArClassificationCatalog:1.0;approved;centralArProductCatalog:Staged
Evaporadora_2215;Evaporadora;Evap Split;ESPECIFICACOES_TECNICAS:centralArClassificationCatalog:1.0;approved;centralArProductCatalog:Online
Evaporadora_2216;Evaporadora;Evap Split;ESPECIFICACOES_TECNICAS:centralArClassificationCatalog:1.0;approved;centralArProductCatalog:Staged
Evaporadora_2216;Evaporadora;Evap Split;ESPECIFICACOES_TECNICAS:centralArClassificationCatalog:1.0;approved;centralArProductCatalog:Online
Evaporadora_2221;Evaporadora;Evap Split;ESPECIFICACOES_TECNICAS:centralArClassificationCatalog:1.0;approved;centralArProductCatalog:Staged
Evaporadora_2221;Evaporadora;Evap Split;ESPECIFICACOES_TECNICAS:centralArClassificationCatalog:1.0;approved;centralArProductCatalog:Online
Evaporadora_2222;Evaporadora;Evap Split;ESPECIFICACOES_TECNICAS:centralArClassificationCatalog:1.0;approved;centralArProductCatalog:Staged
Evaporadora_2222;Evaporadora;Evap Split;ESPECIFICACOES_TECNICAS:centralArClassificationCatalog:1.0;approved;centralArProductCatalog:Online
Evaporadora_2223;Evaporadora;Evap Split;ESPECIFICACOES_TECNICAS:centralArClassificationCatalog:1.0;approved;centralArProductCatalog:Staged
Evaporadora_2223;Evaporadora;Evap Split;ESPECIFICACOES_TECNICAS:centralArClassificationCatalog:1.0;approved;centralArProductCatalog:Online
Evaporadora_2224;Evaporadora;Evap Split;ESPECIFICACOES_TECNICAS:centralArClassificationCatalog:1.0;approved;centralArProductCatalog:Staged
Evaporadora_2224;Evaporadora;Evap Split;ESPECIFICACOES_TECNICAS:centralArClassificationCatalog:1.0;approved;centralArProductCatalog:Online
Evaporadora_2225;Evaporadora;Evap Split;ESPECIFICACOES_TECNICAS:centralArClassificationCatalog:1.0;approved;centralArProductCatalog:Staged
Evaporadora_2225;Evaporadora;Evap Split;ESPECIFICACOES_TECNICAS:centralArClassificationCatalog:1.0;approved;centralArProductCatalog:Online
Evaporadora_2226;Evaporadora;Evap Split;ESPECIFICACOES_TECNICAS:centralArClassificationCatalog:1.0;approved;centralArProductCatalog:Staged
Evaporadora_2226;Evaporadora;Evap Split;ESPECIFICACOES_TECNICAS:centralArClassificationCatalog:1.0;approved;centralArProductCatalog:Online
Evaporadora_2227;Evaporadora;Evap Split;ESPECIFICACOES_TECNICAS:centralArClassificationCatalog:1.0;approved;centralArProductCatalog:Staged
Evaporadora_2227;Evaporadora;Evap Split;ESPECIFICACOES_TECNICAS:centralArClassificationCatalog:1.0;approved;centralArProductCatalog:Online
Evaporadora_2228;Evaporadora;Evap Split;ESPECIFICACOES_TECNICAS:centralArClassificationCatalog:1.0;approved;centralArProductCatalog:Staged
Evaporadora_2228;Evaporadora;Evap Split;ESPECIFICACOES_TECNICAS:centralArClassificationCatalog:1.0;approved;centralArProductCatalog:Online
Evaporadora_2229;Evaporadora;Evap Split;ESPECIFICACOES_TECNICAS:centralArClassificationCatalog:1.0;approved;centralArProductCatalog:Staged
Evaporadora_2229;Evaporadora;Evap Split;ESPECIFICACOES_TECNICAS:centralArClassificationCatalog:1.0;approved;centralArProductCatalog:Online
Evaporadora_2232;Evaporadora;Evap Split;ESPECIFICACOES_TECNICAS:centralArClassificationCatalog:1.0;approved;centralArProductCatalog:Staged
Evaporadora_2232;Evaporadora;Evap Split;ESPECIFICACOES_TECNICAS:centralArClassificationCatalog:1.0;approved;centralArProductCatalog:Online
Evaporadora_2247;Evaporadora;Evap Piso Teto;ESPECIFICACOES_TECNICAS:centralArClassificationCatalog:1.0;approved;centralArProductCatalog:Staged
Evaporadora_2247;Evaporadora;Evap Piso Teto;ESPECIFICACOES_TECNICAS:centralArClassificationCatalog:1.0;approved;centralArProductCatalog:Online
Evaporadora_2251;Evaporadora;Evap Piso Teto;ESPECIFICACOES_TECNICAS:centralArClassificationCatalog:1.0;approved;centralArProductCatalog:Staged
Evaporadora_2251;Evaporadora;Evap Piso Teto;ESPECIFICACOES_TECNICAS:centralArClassificationCatalog:1.0;approved;centralArProductCatalog:Online
Evaporadora_2252;Evaporadora;Evap Piso Teto;ESPECIFICACOES_TECNICAS:centralArClassificationCatalog:1.0;approved;centralArProductCatalog:Staged
Evaporadora_2252;Evaporadora;Evap Piso Teto;ESPECIFICACOES_TECNICAS:centralArClassificationCatalog:1.0;approved;centralArProductCatalog:Online
Evaporadora_2253;Evaporadora;Evap Cortina;ESPECIFICACOES_TECNICAS:centralArClassificationCatalog:1.0;approved;centralArProductCatalog:Staged
Evaporadora_2253;Evaporadora;Evap Cortina;ESPECIFICACOES_TECNICAS:centralArClassificationCatalog:1.0;approved;centralArProductCatalog:Online
Evaporadora_2254;Evaporadora;Evap Cortina;ESPECIFICACOES_TECNICAS:centralArClassificationCatalog:1.0;approved;centralArProductCatalog:Staged
Evaporadora_2254;Evaporadora;Evap Cortina;ESPECIFICACOES_TECNICAS:centralArClassificationCatalog:1.0;approved;centralArProductCatalog:Online
Evaporadora_2257;Evaporadora;Evap Split;ESPECIFICACOES_TECNICAS:centralArClassificationCatalog:1.0;approved;centralArProductCatalog:Staged
Evaporadora_2257;Evaporadora;Evap Split;ESPECIFICACOES_TECNICAS:centralArClassificationCatalog:1.0;approved;centralArProductCatalog:Online
Evaporadora_2258;Evaporadora;Evap Split;ESPECIFICACOES_TECNICAS:centralArClassificationCatalog:1.0;approved;centralArProductCatalog:Staged
Evaporadora_2258;Evaporadora;Evap Split;ESPECIFICACOES_TECNICAS:centralArClassificationCatalog:1.0;approved;centralArProductCatalog:Online
Evaporadora_2259;Evaporadora;Evap Split;ESPECIFICACOES_TECNICAS:centralArClassificationCatalog:1.0;approved;centralArProductCatalog:Staged
Evaporadora_2259;Evaporadora;Evap Split;ESPECIFICACOES_TECNICAS:centralArClassificationCatalog:1.0;approved;centralArProductCatalog:Online
Evaporadora_2260;Evaporadora;Evap Split;ESPECIFICACOES_TECNICAS:centralArClassificationCatalog:1.0;approved;centralArProductCatalog:Staged
Evaporadora_2260;Evaporadora;Evap Split;ESPECIFICACOES_TECNICAS:centralArClassificationCatalog:1.0;approved;centralArProductCatalog:Online
Evaporadora_2261;Evaporadora;Evap Split;ESPECIFICACOES_TECNICAS:centralArClassificationCatalog:1.0;approved;centralArProductCatalog:Staged
Evaporadora_2261;Evaporadora;Evap Split;ESPECIFICACOES_TECNICAS:centralArClassificationCatalog:1.0;approved;centralArProductCatalog:Online
Evaporadora_2262;Evaporadora;Evap Split;ESPECIFICACOES_TECNICAS:centralArClassificationCatalog:1.0;approved;centralArProductCatalog:Staged
Evaporadora_2262;Evaporadora;Evap Split;ESPECIFICACOES_TECNICAS:centralArClassificationCatalog:1.0;approved;centralArProductCatalog:Online
Evaporadora_2307;Evaporadora;Evap Split;ESPECIFICACOES_TECNICAS:centralArClassificationCatalog:1.0;approved;centralArProductCatalog:Staged
Evaporadora_2307;Evaporadora;Evap Split;ESPECIFICACOES_TECNICAS:centralArClassificationCatalog:1.0;approved;centralArProductCatalog:Online
Evaporadora_2308;Evaporadora;Evap Split;ESPECIFICACOES_TECNICAS:centralArClassificationCatalog:1.0;approved;centralArProductCatalog:Staged
Evaporadora_2308;Evaporadora;Evap Split;ESPECIFICACOES_TECNICAS:centralArClassificationCatalog:1.0;approved;centralArProductCatalog:Online
Evaporadora_2309;Evaporadora;Evap Split;ESPECIFICACOES_TECNICAS:centralArClassificationCatalog:1.0;approved;centralArProductCatalog:Staged
Evaporadora_2309;Evaporadora;Evap Split;ESPECIFICACOES_TECNICAS:centralArClassificationCatalog:1.0;approved;centralArProductCatalog:Online
Evaporadora_2310;Evaporadora;Evap Split;ESPECIFICACOES_TECNICAS:centralArClassificationCatalog:1.0;approved;centralArProductCatalog:Staged
Evaporadora_2310;Evaporadora;Evap Split;ESPECIFICACOES_TECNICAS:centralArClassificationCatalog:1.0;approved;centralArProductCatalog:Online
Evaporadora_2311;Evaporadora;Evap Split;ESPECIFICACOES_TECNICAS:centralArClassificationCatalog:1.0;approved;centralArProductCatalog:Staged
Evaporadora_2311;Evaporadora;Evap Split;ESPECIFICACOES_TECNICAS:centralArClassificationCatalog:1.0;approved;centralArProductCatalog:Online
Evaporadora_2312;Evaporadora;Evap Split;ESPECIFICACOES_TECNICAS:centralArClassificationCatalog:1.0;approved;centralArProductCatalog:Staged
Evaporadora_2312;Evaporadora;Evap Split;ESPECIFICACOES_TECNICAS:centralArClassificationCatalog:1.0;approved;centralArProductCatalog:Online
Evaporadora_2313;Evaporadora;Evap Split;ESPECIFICACOES_TECNICAS:centralArClassificationCatalog:1.0;approved;centralArProductCatalog:Staged
Evaporadora_2313;Evaporadora;Evap Split;ESPECIFICACOES_TECNICAS:centralArClassificationCatalog:1.0;approved;centralArProductCatalog:Online
Evaporadora_2314;Evaporadora;Evap Split;ESPECIFICACOES_TECNICAS:centralArClassificationCatalog:1.0;approved;centralArProductCatalog:Staged
Evaporadora_2314;Evaporadora;Evap Split;ESPECIFICACOES_TECNICAS:centralArClassificationCatalog:1.0;approved;centralArProductCatalog:Online
Evaporadora_2315;Evaporadora;Evap Split;ESPECIFICACOES_TECNICAS:centralArClassificationCatalog:1.0;approved;centralArProductCatalog:Staged
Evaporadora_2315;Evaporadora;Evap Split;ESPECIFICACOES_TECNICAS:centralArClassificationCatalog:1.0;approved;centralArProductCatalog:Online
Evaporadora_2317;Evaporadora;Evap Janela com Moldura;ESPECIFICACOES_TECNICAS:centralArClassificationCatalog:1.0;approved;centralArProductCatalog:Staged
Evaporadora_2317;Evaporadora;Evap Janela com Moldura;ESPECIFICACOES_TECNICAS:centralArClassificationCatalog:1.0;approved;centralArProductCatalog:Online
Evaporadora_2319;Evaporadora;Evap Janela com Moldura;ESPECIFICACOES_TECNICAS:centralArClassificationCatalog:1.0;approved;centralArProductCatalog:Staged
Evaporadora_2319;Evaporadora;Evap Janela com Moldura;ESPECIFICACOES_TECNICAS:centralArClassificationCatalog:1.0;approved;centralArProductCatalog:Online
Evaporadora_2321;Evaporadora;Evap Janela com Moldura;ESPECIFICACOES_TECNICAS:centralArClassificationCatalog:1.0;approved;centralArProductCatalog:Staged
Evaporadora_2321;Evaporadora;Evap Janela com Moldura;ESPECIFICACOES_TECNICAS:centralArClassificationCatalog:1.0;approved;centralArProductCatalog:Online
Evaporadora_2326;Evaporadora;Evap Split;ESPECIFICACOES_TECNICAS:centralArClassificationCatalog:1.0;approved;centralArProductCatalog:Staged
Evaporadora_2326;Evaporadora;Evap Split;ESPECIFICACOES_TECNICAS:centralArClassificationCatalog:1.0;approved;centralArProductCatalog:Online
Evaporadora_2330;Evaporadora;Evap Janela com Moldura;ESPECIFICACOES_TECNICAS:centralArClassificationCatalog:1.0;approved;centralArProductCatalog:Staged
Evaporadora_2330;Evaporadora;Evap Janela com Moldura;ESPECIFICACOES_TECNICAS:centralArClassificationCatalog:1.0;approved;centralArProductCatalog:Online
Evaporadora_2331;Evaporadora;Evap Janela com Moldura;ESPECIFICACOES_TECNICAS:centralArClassificationCatalog:1.0;approved;centralArProductCatalog:Staged
Evaporadora_2331;Evaporadora;Evap Janela com Moldura;ESPECIFICACOES_TECNICAS:centralArClassificationCatalog:1.0;approved;centralArProductCatalog:Online
Evaporadora_2332;Evaporadora;Evap Janela com Moldura;ESPECIFICACOES_TECNICAS:centralArClassificationCatalog:1.0;approved;centralArProductCatalog:Staged
Evaporadora_2332;Evaporadora;Evap Janela com Moldura;ESPECIFICACOES_TECNICAS:centralArClassificationCatalog:1.0;approved;centralArProductCatalog:Online
Evaporadora_2334;Evaporadora;Evap Split;ESPECIFICACOES_TECNICAS:centralArClassificationCatalog:1.0;approved;centralArProductCatalog:Staged
Evaporadora_2334;Evaporadora;Evap Split;ESPECIFICACOES_TECNICAS:centralArClassificationCatalog:1.0;approved;centralArProductCatalog:Online
Evaporadora_2337;Evaporadora;Evap Split;ESPECIFICACOES_TECNICAS:centralArClassificationCatalog:1.0;approved;centralArProductCatalog:Staged
Evaporadora_2337;Evaporadora;Evap Split;ESPECIFICACOES_TECNICAS:centralArClassificationCatalog:1.0;approved;centralArProductCatalog:Online
Evaporadora_2348;Evaporadora;Evap Split;ESPECIFICACOES_TECNICAS:centralArClassificationCatalog:1.0;approved;centralArProductCatalog:Staged
Evaporadora_2348;Evaporadora;Evap Split;ESPECIFICACOES_TECNICAS:centralArClassificationCatalog:1.0;approved;centralArProductCatalog:Online
Evaporadora_2356;Evaporadora;Evap Piso Teto;ESPECIFICACOES_TECNICAS:centralArClassificationCatalog:1.0;approved;centralArProductCatalog:Staged
Evaporadora_2356;Evaporadora;Evap Piso Teto;ESPECIFICACOES_TECNICAS:centralArClassificationCatalog:1.0;approved;centralArProductCatalog:Online
Evaporadora_2381;Evaporadora;Evap Split;ESPECIFICACOES_TECNICAS:centralArClassificationCatalog:1.0;approved;centralArProductCatalog:Staged
Evaporadora_2381;Evaporadora;Evap Split;ESPECIFICACOES_TECNICAS:centralArClassificationCatalog:1.0;approved;centralArProductCatalog:Online
Evaporadora_2388;Evaporadora;Evap Split;ESPECIFICACOES_TECNICAS:centralArClassificationCatalog:1.0;approved;centralArProductCatalog:Staged
Evaporadora_2388;Evaporadora;Evap Split;ESPECIFICACOES_TECNICAS:centralArClassificationCatalog:1.0;approved;centralArProductCatalog:Online
Evaporadora_2389;Evaporadora;Evap Split;ESPECIFICACOES_TECNICAS:centralArClassificationCatalog:1.0;approved;centralArProductCatalog:Staged
Evaporadora_2389;Evaporadora;Evap Split;ESPECIFICACOES_TECNICAS:centralArClassificationCatalog:1.0;approved;centralArProductCatalog:Online
Evaporadora_2390;Evaporadora;Evap Split;ESPECIFICACOES_TECNICAS:centralArClassificationCatalog:1.0;approved;centralArProductCatalog:Staged
Evaporadora_2390;Evaporadora;Evap Split;ESPECIFICACOES_TECNICAS:centralArClassificationCatalog:1.0;approved;centralArProductCatalog:Online
Evaporadora_2391;Evaporadora;Evap Split;ESPECIFICACOES_TECNICAS:centralArClassificationCatalog:1.0;approved;centralArProductCatalog:Staged
Evaporadora_2391;Evaporadora;Evap Split;ESPECIFICACOES_TECNICAS:centralArClassificationCatalog:1.0;approved;centralArProductCatalog:Online
Evaporadora_2392;Evaporadora;Evap Split;ESPECIFICACOES_TECNICAS:centralArClassificationCatalog:1.0;approved;centralArProductCatalog:Staged
Evaporadora_2392;Evaporadora;Evap Split;ESPECIFICACOES_TECNICAS:centralArClassificationCatalog:1.0;approved;centralArProductCatalog:Online
Evaporadora_2393;Evaporadora;Evap Split;ESPECIFICACOES_TECNICAS:centralArClassificationCatalog:1.0;approved;centralArProductCatalog:Staged
Evaporadora_2393;Evaporadora;Evap Split;ESPECIFICACOES_TECNICAS:centralArClassificationCatalog:1.0;approved;centralArProductCatalog:Online
Evaporadora_2394;Evaporadora;Evap Split;ESPECIFICACOES_TECNICAS:centralArClassificationCatalog:1.0;approved;centralArProductCatalog:Staged
Evaporadora_2394;Evaporadora;Evap Split;ESPECIFICACOES_TECNICAS:centralArClassificationCatalog:1.0;approved;centralArProductCatalog:Online
Evaporadora_2395;Evaporadora;Evap Split;ESPECIFICACOES_TECNICAS:centralArClassificationCatalog:1.0;approved;centralArProductCatalog:Staged
Evaporadora_2395;Evaporadora;Evap Split;ESPECIFICACOES_TECNICAS:centralArClassificationCatalog:1.0;approved;centralArProductCatalog:Online
Evaporadora_2396;Evaporadora;Evap Split;ESPECIFICACOES_TECNICAS:centralArClassificationCatalog:1.0;approved;centralArProductCatalog:Staged
Evaporadora_2396;Evaporadora;Evap Split;ESPECIFICACOES_TECNICAS:centralArClassificationCatalog:1.0;approved;centralArProductCatalog:Online
Evaporadora_2397;Evaporadora;Evap Cortina;ESPECIFICACOES_TECNICAS:centralArClassificationCatalog:1.0;approved;centralArProductCatalog:Staged
Evaporadora_2397;Evaporadora;Evap Cortina;ESPECIFICACOES_TECNICAS:centralArClassificationCatalog:1.0;approved;centralArProductCatalog:Online
Evaporadora_2398;Evaporadora;Evap Split;ESPECIFICACOES_TECNICAS:centralArClassificationCatalog:1.0;approved;centralArProductCatalog:Staged
Evaporadora_2398;Evaporadora;Evap Split;ESPECIFICACOES_TECNICAS:centralArClassificationCatalog:1.0;approved;centralArProductCatalog:Online
Evaporadora_2415;Evaporadora;Evap Piso Teto;ESPECIFICACOES_TECNICAS:centralArClassificationCatalog:1.0;approved;centralArProductCatalog:Staged
Evaporadora_2415;Evaporadora;Evap Piso Teto;ESPECIFICACOES_TECNICAS:centralArClassificationCatalog:1.0;approved;centralArProductCatalog:Online
Evaporadora_2433;Evaporadora;Evap Split;ESPECIFICACOES_TECNICAS:centralArClassificationCatalog:1.0;approved;centralArProductCatalog:Staged
Evaporadora_2433;Evaporadora;Evap Split;ESPECIFICACOES_TECNICAS:centralArClassificationCatalog:1.0;approved;centralArProductCatalog:Online
Evaporadora_2435;Evaporadora;Evap Split;ESPECIFICACOES_TECNICAS:centralArClassificationCatalog:1.0;approved;centralArProductCatalog:Staged
Evaporadora_2435;Evaporadora;Evap Split;ESPECIFICACOES_TECNICAS:centralArClassificationCatalog:1.0;approved;centralArProductCatalog:Online
Evaporadora_2436;Evaporadora;Evap Split;ESPECIFICACOES_TECNICAS:centralArClassificationCatalog:1.0;approved;centralArProductCatalog:Staged
Evaporadora_2436;Evaporadora;Evap Split;ESPECIFICACOES_TECNICAS:centralArClassificationCatalog:1.0;approved;centralArProductCatalog:Online
Evaporadora_2443;Evaporadora;Evap Portatil;ESPECIFICACOES_TECNICAS:centralArClassificationCatalog:1.0;approved;centralArProductCatalog:Staged
Evaporadora_2443;Evaporadora;Evap Portatil;ESPECIFICACOES_TECNICAS:centralArClassificationCatalog:1.0;approved;centralArProductCatalog:Online
Evaporadora_2448;Evaporadora;Evap Cassete Detalhado painel;ESPECIFICACOES_TECNICAS:centralArClassificationCatalog:1.0;approved;centralArProductCatalog:Staged
Evaporadora_2448;Evaporadora;Evap Cassete Detalhado painel;ESPECIFICACOES_TECNICAS:centralArClassificationCatalog:1.0;approved;centralArProductCatalog:Online
Evaporadora_2449;Evaporadora;Evap Piso Teto;ESPECIFICACOES_TECNICAS:centralArClassificationCatalog:1.0;approved;centralArProductCatalog:Staged
Evaporadora_2449;Evaporadora;Evap Piso Teto;ESPECIFICACOES_TECNICAS:centralArClassificationCatalog:1.0;approved;centralArProductCatalog:Online
Evaporadora_2459;Evaporadora;Evap Piso Teto;ESPECIFICACOES_TECNICAS:centralArClassificationCatalog:1.0;approved;centralArProductCatalog:Staged
Evaporadora_2459;Evaporadora;Evap Piso Teto;ESPECIFICACOES_TECNICAS:centralArClassificationCatalog:1.0;approved;centralArProductCatalog:Online
Evaporadora_2462;Evaporadora;Evap Janela com Moldura;ESPECIFICACOES_TECNICAS:centralArClassificationCatalog:1.0;approved;centralArProductCatalog:Staged
Evaporadora_2462;Evaporadora;Evap Janela com Moldura;ESPECIFICACOES_TECNICAS:centralArClassificationCatalog:1.0;approved;centralArProductCatalog:Online
Evaporadora_2467;Evaporadora;Evap Piso Teto;ESPECIFICACOES_TECNICAS:centralArClassificationCatalog:1.0;approved;centralArProductCatalog:Staged
Evaporadora_2467;Evaporadora;Evap Piso Teto;ESPECIFICACOES_TECNICAS:centralArClassificationCatalog:1.0;approved;centralArProductCatalog:Online
Evaporadora_2468;Evaporadora;Evap Piso Teto;ESPECIFICACOES_TECNICAS:centralArClassificationCatalog:1.0;approved;centralArProductCatalog:Staged
Evaporadora_2468;Evaporadora;Evap Piso Teto;ESPECIFICACOES_TECNICAS:centralArClassificationCatalog:1.0;approved;centralArProductCatalog:Online
Evaporadora_2480;Evaporadora;Evap Piso Teto;ESPECIFICACOES_TECNICAS:centralArClassificationCatalog:1.0;approved;centralArProductCatalog:Staged
Evaporadora_2480;Evaporadora;Evap Piso Teto;ESPECIFICACOES_TECNICAS:centralArClassificationCatalog:1.0;approved;centralArProductCatalog:Online
Evaporadora_2482;Evaporadora;Evap Piso Teto;ESPECIFICACOES_TECNICAS:centralArClassificationCatalog:1.0;approved;centralArProductCatalog:Staged
Evaporadora_2482;Evaporadora;Evap Piso Teto;ESPECIFICACOES_TECNICAS:centralArClassificationCatalog:1.0;approved;centralArProductCatalog:Online
Evaporadora_2484;Evaporadora;Evap Cassete Detalhado painel;ESPECIFICACOES_TECNICAS:centralArClassificationCatalog:1.0;approved;centralArProductCatalog:Staged
Evaporadora_2484;Evaporadora;Evap Cassete Detalhado painel;ESPECIFICACOES_TECNICAS:centralArClassificationCatalog:1.0;approved;centralArProductCatalog:Online
Evaporadora_2485;Evaporadora;Evap Cassete Detalhado painel;ESPECIFICACOES_TECNICAS:centralArClassificationCatalog:1.0;approved;centralArProductCatalog:Staged
Evaporadora_2485;Evaporadora;Evap Cassete Detalhado painel;ESPECIFICACOES_TECNICAS:centralArClassificationCatalog:1.0;approved;centralArProductCatalog:Online
Evaporadora_2491;Evaporadora;Evap Cassete Detalhado painel;ESPECIFICACOES_TECNICAS:centralArClassificationCatalog:1.0;approved;centralArProductCatalog:Staged
Evaporadora_2491;Evaporadora;Evap Cassete Detalhado painel;ESPECIFICACOES_TECNICAS:centralArClassificationCatalog:1.0;approved;centralArProductCatalog:Online
Evaporadora_2502;Evaporadora;Evap Piso Teto;ESPECIFICACOES_TECNICAS:centralArClassificationCatalog:1.0;approved;centralArProductCatalog:Staged
Evaporadora_2502;Evaporadora;Evap Piso Teto;ESPECIFICACOES_TECNICAS:centralArClassificationCatalog:1.0;approved;centralArProductCatalog:Online
Evaporadora_2503;Evaporadora;Evap Split;ESPECIFICACOES_TECNICAS:centralArClassificationCatalog:1.0;approved;centralArProductCatalog:Staged
Evaporadora_2503;Evaporadora;Evap Split;ESPECIFICACOES_TECNICAS:centralArClassificationCatalog:1.0;approved;centralArProductCatalog:Online
Evaporadora_2504;Evaporadora;Evap Split;ESPECIFICACOES_TECNICAS:centralArClassificationCatalog:1.0;approved;centralArProductCatalog:Staged
Evaporadora_2504;Evaporadora;Evap Split;ESPECIFICACOES_TECNICAS:centralArClassificationCatalog:1.0;approved;centralArProductCatalog:Online
Evaporadora_2505;Evaporadora;Evap Split;ESPECIFICACOES_TECNICAS:centralArClassificationCatalog:1.0;approved;centralArProductCatalog:Staged
Evaporadora_2505;Evaporadora;Evap Split;ESPECIFICACOES_TECNICAS:centralArClassificationCatalog:1.0;approved;centralArProductCatalog:Online
Evaporadora_2506;Evaporadora;Evap Split;ESPECIFICACOES_TECNICAS:centralArClassificationCatalog:1.0;approved;centralArProductCatalog:Staged
Evaporadora_2506;Evaporadora;Evap Split;ESPECIFICACOES_TECNICAS:centralArClassificationCatalog:1.0;approved;centralArProductCatalog:Online
Evaporadora_2507;Evaporadora;Evap Split;ESPECIFICACOES_TECNICAS:centralArClassificationCatalog:1.0;approved;centralArProductCatalog:Staged
Evaporadora_2507;Evaporadora;Evap Split;ESPECIFICACOES_TECNICAS:centralArClassificationCatalog:1.0;approved;centralArProductCatalog:Online
Evaporadora_2508;Evaporadora;Evap Split;ESPECIFICACOES_TECNICAS:centralArClassificationCatalog:1.0;approved;centralArProductCatalog:Staged
Evaporadora_2508;Evaporadora;Evap Split;ESPECIFICACOES_TECNICAS:centralArClassificationCatalog:1.0;approved;centralArProductCatalog:Online
Evaporadora_2509;Evaporadora;Evap Split;ESPECIFICACOES_TECNICAS:centralArClassificationCatalog:1.0;approved;centralArProductCatalog:Staged
Evaporadora_2509;Evaporadora;Evap Split;ESPECIFICACOES_TECNICAS:centralArClassificationCatalog:1.0;approved;centralArProductCatalog:Online
Evaporadora_2510;Evaporadora;Evap Split;ESPECIFICACOES_TECNICAS:centralArClassificationCatalog:1.0;approved;centralArProductCatalog:Staged
Evaporadora_2510;Evaporadora;Evap Split;ESPECIFICACOES_TECNICAS:centralArClassificationCatalog:1.0;approved;centralArProductCatalog:Online
Evaporadora_2512;Evaporadora;Evap Cassete Detalhado painel;ESPECIFICACOES_TECNICAS:centralArClassificationCatalog:1.0;approved;centralArProductCatalog:Staged
Evaporadora_2512;Evaporadora;Evap Cassete Detalhado painel;ESPECIFICACOES_TECNICAS:centralArClassificationCatalog:1.0;approved;centralArProductCatalog:Online
Evaporadora_2513;Evaporadora;Evap Cortina;ESPECIFICACOES_TECNICAS:centralArClassificationCatalog:1.0;approved;centralArProductCatalog:Staged
Evaporadora_2513;Evaporadora;Evap Cortina;ESPECIFICACOES_TECNICAS:centralArClassificationCatalog:1.0;approved;centralArProductCatalog:Online
Evaporadora_2514;Evaporadora;Evap Cortina;ESPECIFICACOES_TECNICAS:centralArClassificationCatalog:1.0;approved;centralArProductCatalog:Staged
Evaporadora_2514;Evaporadora;Evap Cortina;ESPECIFICACOES_TECNICAS:centralArClassificationCatalog:1.0;approved;centralArProductCatalog:Online
Evaporadora_2515;Evaporadora;Evap Cortina;ESPECIFICACOES_TECNICAS:centralArClassificationCatalog:1.0;approved;centralArProductCatalog:Staged
Evaporadora_2515;Evaporadora;Evap Cortina;ESPECIFICACOES_TECNICAS:centralArClassificationCatalog:1.0;approved;centralArProductCatalog:Online
Evaporadora_2540;Evaporadora;Evap Split;ESPECIFICACOES_TECNICAS:centralArClassificationCatalog:1.0;approved;centralArProductCatalog:Staged
Evaporadora_2540;Evaporadora;Evap Split;ESPECIFICACOES_TECNICAS:centralArClassificationCatalog:1.0;approved;centralArProductCatalog:Online
Evaporadora_2542;Evaporadora;Evap Split;ESPECIFICACOES_TECNICAS:centralArClassificationCatalog:1.0;approved;centralArProductCatalog:Staged
Evaporadora_2542;Evaporadora;Evap Split;ESPECIFICACOES_TECNICAS:centralArClassificationCatalog:1.0;approved;centralArProductCatalog:Online
Evaporadora_2543;Evaporadora;Evap Split;ESPECIFICACOES_TECNICAS:centralArClassificationCatalog:1.0;approved;centralArProductCatalog:Staged
Evaporadora_2543;Evaporadora;Evap Split;ESPECIFICACOES_TECNICAS:centralArClassificationCatalog:1.0;approved;centralArProductCatalog:Online
Evaporadora_2544;Evaporadora;Evap Split;ESPECIFICACOES_TECNICAS:centralArClassificationCatalog:1.0;approved;centralArProductCatalog:Staged
Evaporadora_2544;Evaporadora;Evap Split;ESPECIFICACOES_TECNICAS:centralArClassificationCatalog:1.0;approved;centralArProductCatalog:Online
Evaporadora_2545;Evaporadora;Evap Split;ESPECIFICACOES_TECNICAS:centralArClassificationCatalog:1.0;approved;centralArProductCatalog:Staged
Evaporadora_2545;Evaporadora;Evap Split;ESPECIFICACOES_TECNICAS:centralArClassificationCatalog:1.0;approved;centralArProductCatalog:Online
Evaporadora_2552;Evaporadora;Evap Split;ESPECIFICACOES_TECNICAS:centralArClassificationCatalog:1.0;approved;centralArProductCatalog:Staged
Evaporadora_2552;Evaporadora;Evap Split;ESPECIFICACOES_TECNICAS:centralArClassificationCatalog:1.0;approved;centralArProductCatalog:Online
Evaporadora_2553;Evaporadora;Evap Split;ESPECIFICACOES_TECNICAS:centralArClassificationCatalog:1.0;approved;centralArProductCatalog:Staged
Evaporadora_2553;Evaporadora;Evap Split;ESPECIFICACOES_TECNICAS:centralArClassificationCatalog:1.0;approved;centralArProductCatalog:Online
Evaporadora_2554;Evaporadora;Evap Split;ESPECIFICACOES_TECNICAS:centralArClassificationCatalog:1.0;approved;centralArProductCatalog:Staged
Evaporadora_2554;Evaporadora;Evap Split;ESPECIFICACOES_TECNICAS:centralArClassificationCatalog:1.0;approved;centralArProductCatalog:Online
Evaporadora_2556;Evaporadora;Evap Split;ESPECIFICACOES_TECNICAS:centralArClassificationCatalog:1.0;approved;centralArProductCatalog:Staged
Evaporadora_2556;Evaporadora;Evap Split;ESPECIFICACOES_TECNICAS:centralArClassificationCatalog:1.0;approved;centralArProductCatalog:Online
Evaporadora_2100;Evaporadora;Evap Cassete Detalhado painel;ESPECIFICACOES_TECNICAS:centralArClassificationCatalog:1.0;approved;centralArProductCatalog:Staged
Evaporadora_2100;Evaporadora;Evap Cassete Detalhado painel;ESPECIFICACOES_TECNICAS:centralArClassificationCatalog:1.0;approved;centralArProductCatalog:Online
Evaporadora_2116;Evaporadora;Evap Piso Teto;ESPECIFICACOES_TECNICAS:centralArClassificationCatalog:1.0;approved;centralArProductCatalog:Staged
Evaporadora_2116;Evaporadora;Evap Piso Teto;ESPECIFICACOES_TECNICAS:centralArClassificationCatalog:1.0;approved;centralArProductCatalog:Online
Evaporadora_2382;Evaporadora;Evap Piso Teto;ESPECIFICACOES_TECNICAS:centralArClassificationCatalog:1.0;approved;centralArProductCatalog:Staged
Evaporadora_2382;Evaporadora;Evap Piso Teto;ESPECIFICACOES_TECNICAS:centralArClassificationCatalog:1.0;approved;centralArProductCatalog:Online
Evaporadora_2384;Evaporadora;Evap Piso Teto;ESPECIFICACOES_TECNICAS:centralArClassificationCatalog:1.0;approved;centralArProductCatalog:Staged
Evaporadora_2384;Evaporadora;Evap Piso Teto;ESPECIFICACOES_TECNICAS:centralArClassificationCatalog:1.0;approved;centralArProductCatalog:Online
Evaporadora_2475;Evaporadora;Evap Piso Teto;ESPECIFICACOES_TECNICAS:centralArClassificationCatalog:1.0;approved;centralArProductCatalog:Staged
Evaporadora_2475;Evaporadora;Evap Piso Teto;ESPECIFICACOES_TECNICAS:centralArClassificationCatalog:1.0;approved;centralArProductCatalog:Online
Evaporadora_2476;Evaporadora;Evap Piso Teto;ESPECIFICACOES_TECNICAS:centralArClassificationCatalog:1.0;approved;centralArProductCatalog:Staged
Evaporadora_2476;Evaporadora;Evap Piso Teto;ESPECIFICACOES_TECNICAS:centralArClassificationCatalog:1.0;approved;centralArProductCatalog:Online
Evaporadora_2496;Evaporadora;Evap Cassete Detalhado painel;ESPECIFICACOES_TECNICAS:centralArClassificationCatalog:1.0;approved;centralArProductCatalog:Staged
Evaporadora_2496;Evaporadora;Evap Cassete Detalhado painel;ESPECIFICACOES_TECNICAS:centralArClassificationCatalog:1.0;approved;centralArProductCatalog:Online
Evaporadora_2500;Evaporadora;Evap Cassete Detalhado painel;ESPECIFICACOES_TECNICAS:centralArClassificationCatalog:1.0;approved;centralArProductCatalog:Staged
Evaporadora_2500;Evaporadora;Evap Cassete Detalhado painel;ESPECIFICACOES_TECNICAS:centralArClassificationCatalog:1.0;approved;centralArProductCatalog:Online
Evaporadora_2383;Evaporadora;Evap Piso Teto;ESPECIFICACOES_TECNICAS:centralArClassificationCatalog:1.0;approved;centralArProductCatalog:Staged
Evaporadora_2383;Evaporadora;Evap Piso Teto;ESPECIFICACOES_TECNICAS:centralArClassificationCatalog:1.0;approved;centralArProductCatalog:Online
Evaporadora_2404;Evaporadora;Evap Piso Teto;ESPECIFICACOES_TECNICAS:centralArClassificationCatalog:1.0;approved;centralArProductCatalog:Staged
Evaporadora_2404;Evaporadora;Evap Piso Teto;ESPECIFICACOES_TECNICAS:centralArClassificationCatalog:1.0;approved;centralArProductCatalog:Online
Evaporadora_2430;Evaporadora;Evap Piso Teto;ESPECIFICACOES_TECNICAS:centralArClassificationCatalog:1.0;approved;centralArProductCatalog:Staged
Evaporadora_2430;Evaporadora;Evap Piso Teto;ESPECIFICACOES_TECNICAS:centralArClassificationCatalog:1.0;approved;centralArProductCatalog:Online
Evaporadora_2473;Evaporadora;Evap Piso Teto;ESPECIFICACOES_TECNICAS:centralArClassificationCatalog:1.0;approved;centralArProductCatalog:Staged
Evaporadora_2473;Evaporadora;Evap Piso Teto;ESPECIFICACOES_TECNICAS:centralArClassificationCatalog:1.0;approved;centralArProductCatalog:Online
Evaporadora_2474;Evaporadora;Evap Piso Teto;ESPECIFICACOES_TECNICAS:centralArClassificationCatalog:1.0;approved;centralArProductCatalog:Staged
Evaporadora_2474;Evaporadora;Evap Piso Teto;ESPECIFICACOES_TECNICAS:centralArClassificationCatalog:1.0;approved;centralArProductCatalog:Online
Evaporadora_2477;Evaporadora;Evap Piso Teto;ESPECIFICACOES_TECNICAS:centralArClassificationCatalog:1.0;approved;centralArProductCatalog:Staged
Evaporadora_2477;Evaporadora;Evap Piso Teto;ESPECIFICACOES_TECNICAS:centralArClassificationCatalog:1.0;approved;centralArProductCatalog:Online
Evaporadora_2494;Evaporadora;Evap Cassete Detalhado painel;ESPECIFICACOES_TECNICAS:centralArClassificationCatalog:1.0;approved;centralArProductCatalog:Staged
Evaporadora_2494;Evaporadora;Evap Cassete Detalhado painel;ESPECIFICACOES_TECNICAS:centralArClassificationCatalog:1.0;approved;centralArProductCatalog:Online
Evaporadora_2495;Evaporadora;Evap Cassete Detalhado painel;ESPECIFICACOES_TECNICAS:centralArClassificationCatalog:1.0;approved;centralArProductCatalog:Staged
Evaporadora_2495;Evaporadora;Evap Cassete Detalhado painel;ESPECIFICACOES_TECNICAS:centralArClassificationCatalog:1.0;approved;centralArProductCatalog:Online
Evaporadora_2498;Evaporadora;Evap Cassete Detalhado painel;ESPECIFICACOES_TECNICAS:centralArClassificationCatalog:1.0;approved;centralArProductCatalog:Staged
Evaporadora_2498;Evaporadora;Evap Cassete Detalhado painel;ESPECIFICACOES_TECNICAS:centralArClassificationCatalog:1.0;approved;centralArProductCatalog:Online
